{
	"parent": "item/handheld",
	"textures": {
		"layer0": "item/iron_sword"
	},
	"overrides": [
		{ "predicate": { "damaged": 0, "damage": 0 }, "model": "item/sword_idle" },
		{ "predicate": { "damaged": 0, "damage": 0.004 }, "model": "item/sword_idle_dfc" },
		{ "predicate": { "damaged": 0, "damage": 0.008 }, "model": "item/sword_idle_dfc1" },
		{ "predicate": { "damaged": 0, "damage": 0.012 }, "model": "item/sword_dfc" },
		{ "predicate": { "damaged": 0, "damage": 0.016 }, "model": "item/sword_atk101" },
		{ "predicate": { "damaged": 0, "damage": 0.020 }, "model": "item/sword_atk102" },
		{ "predicate": { "damaged": 0, "damage": 0.024 }, "model": "item/sword_atk111" },
		{ "predicate": { "damaged": 0, "damage": 0.028 }, "model": "item/sword_atk112" },
		{ "predicate": { "damaged": 0, "damage": 0.032 }, "model": "item/sword_atk121" },
		{ "predicate": { "damaged": 0, "damage": 0.036 }, "model": "item/sword_atk122" },
		{ "predicate": { "damaged": 0, "damage": 0.040 }, "model": "item/sword_atk131" },
		{ "predicate": { "damaged": 0, "damage": 0.044 }, "model": "item/sword_atk200" },
		{ "predicate": { "damaged": 0, "damage": 0.048 }, "model": "item/sword_atk201" },
		{ "predicate": { "damaged": 0, "damage": 0.052 }, "model": "item/sword_atk210" },
		{ "predicate": { "damaged": 0, "damage": 0.056 }, "model": "item/sword_atk211" },
		{ "predicate": { "damaged": 0, "damage": 0.060 }, "model": "item/sword_atk220" },
		{ "predicate": { "damaged": 0, "damage": 0.064 }, "model": "item/sword_atk221" },
		{ "predicate": { "damaged": 0, "damage": 0.068 }, "model": "item/sword_atk300" },
		{ "predicate": { "damaged": 0, "damage": 0.072 }, "model": "item/sword_atk310" },
		{ "predicate": { "damaged": 0, "damage": 0.076 }, "model": "item/sword_atk311" },
		{ "predicate": { "damaged": 0, "damage": 0.080 }, "model": "item/sword_atk320" },
		{ "predicate": { "damaged": 0, "damage": 0.084 }, "model": "item/sword_atk330" },
		{ "predicate": { "damaged": 0, "damage": 0.088 }, "model": "item/sword_atk340" },
		{ "predicate": { "damaged": 0, "damage": 0.092 }, "model": "item/sword_atk400" },
		{ "predicate": { "damaged": 0, "damage": 0.096 }, "model": "item/sword_atk401" },
		{ "predicate": { "damaged": 0, "damage": 0.100 }, "model": "item/sword_atk410" },
		{ "predicate": { "damaged": 0, "damage": 0.104 }, "model": "item/sword_atk411" },
		{ "predicate": { "damaged": 0, "damage": 0.108 }, "model": "item/sword_atk420" }
	]
}